,yr,dsc,max(num)
0,2010,Strong Arm Robbery,1542
1,2011,Promoting Prostituti,31
2,2013,Drunkenness,156
3,2013,misc Inv,1
4,2016,Sexual Assault with,6
5,2018,Auto Theft Outside S,47
6,2010,Forcible Sodomy,324
7,2011,Forgery,645
8,2013,Sex Off Fondle - mol,247
9,2013,Violation Ex Parte O,245
10,2014,Possession/Sale/Dist,4704
11,2011,Accidental Drug Over,3
12,2012,Stealing All Other,5347
13,2013,Missing/Runaway Juve,2
14,2016,Statutory Rape,60
15,2016,Sex Off Follow/Entic,12
16,2011,Impersonation,1313
17,2016,Resisting an Officer,1551
18,2016,Stealing Pickpocket,109
19,2018,Business Robbery,3
20,2010,littering,2
21,2015,Intimidation (DV),2
22,2013,burglary res,2
23,2015,Violation Full Order,743
24,2015,CHILD ABUSE,2
25,2017,Missing/Runaway Juve,7
26,2010,Forged Checks,471
27,2010,Stealing Bicycles,178
28,2011,Rape,600
29,2016,Family Disturbance,6
30,2010,HOMICIDE/Non Neglige,155
31,2010,Accidental Drug Over,2
32,2015,Wire Fraud,275
33,2016,Forcible Fondling,10
34,2016,Sex Off Misconduct,149
35,2017,Kidnapping/Abduction,233
36,2011,HOMICIDE/Non Neglige,130
37,2012,fraud,2
38,2014,armed robbery,3
39,2014,Non Agg Assault,5
40,2017,Agg Assault - Domest,3031
41,2012,stolen identity,2
42,2013,Trespassing,3090
43,2017,Impersonation - NOT,86
44,2011,Stolen Idenity,2
45,2013,Stealing Pickpocket,128
46,2015,auto theft,4
47,2016,Suicide By Shooting,1
48,2018,stealing from buildi,3
49,2011,Interference with Cu,107
50,2013,Stealing Coin Operat,101
51,2015,Arson with Fire Bomb,15
52,2016,Credit/Debit/ATM Car,1212
53,2018,Family Offense,573
54,2018,Family Disturbance,20
55,2014,Impersonation - NOT,44
56,2014,liquor law violation,2
57,2016,Weapons Law Violatio,1968
58,2017,auto theft,1
59,2011,Sex Offense -others,77
60,2014,Loitering,31
61,2015,Peeping Tom,8
62,2016,Sex Off Fondle - mol,291
63,2010,Violation Ex Parte O,259
64,2012,intimidation,2
65,2013,Attempt Suicide by S,1
66,2014,Stealing from Buildi,5342
67,2014,Auto Theft Outside S,43
68,2015,Embezzlement,481
69,2018,Possession of Drug E,1693
70,2018,Non Aggravated Assau,6432
71,2011,agg assault,2
72,2011,Strong Arm RoBBERY,2
73,2014,Sex Off Misconduct,111
74,2014,False ID,15
75,2016,Identity Theft,1493
76,2017,Misc Viol(2601),2
77,2018,Stealing Bicycles,183
78,2018,Sex Off Indecent Con,64
79,2010,Agg Assault - Domest,1486
80,2010,Sex Off Incest,2
81,2013,False Information to,135
82,2013,Aggravated Assault,6
83,2013,Stalking,8
84,2016,Sex Offense -others,92
85,2017,Agg Assault - Drive-,692
86,2017,Bomb Threat/Intimida,110
87,2018,Stealing from Buildi,4749
88,2018,Stealing Auto Parts/,4316
89,2015,Justifiable Homicide,2
90,2017,Possession/Sale/Dist,5276
91,2018,Missing/Runaway Juve,5
92,2010,Statutory Rape,87
93,2010,misc off,2
94,2011,Dead Body,224
95,2012,Sex Off Indecent Con,121
96,2013,Family Offense,584
97,2013,burglary-res,2
98,2014,HOMICIDE/Non Neglige,83
99,2018,Auto Theft,8912
100,2010,Arson,744
101,2011,stealing shoplifting,2
102,2014,PROPERTY DAMAGE,2
103,2016,Intimidation,1528
104,2016,Auto Theft,8421
105,2017,Sex Off Follow/Entic,17
106,2010,Disorderly Conduct,1904
107,2010,Burglary - Non Resid,2368
108,2010,Missing/Runaway Juve,13
109,2013,Non Agg Assault Dome,7642
110,2013,Agg Assault - Drive-,447
111,2013,stealing from bldg,2
112,2017,counterfeiting,1
113,2016,Stealing from Buildi,5072
114,2018,HOMICIDE/Non Neglige,272
115,2012,Negligent Manslaught,1
116,2013,Impersonation,889
117,2016,disorderly conduct,4
118,2017,4,2
119,2011,child molistation,2
120,2012,Loitering,23
121,2012,trespsssing,3
122,2013,Burglary - Residence,11746
123,2013,Littering,2
124,2015,Hit and Run of a Per,20
125,2015,Arson OTH,2
126,2011,Family Offense,510
127,2016,Stealing Bicycles,177
128,2016,Dead Body,61
129,2017,Auto Theft,9338
130,2018,Possession/Sale/Dist,4902
131,2011,Armed Robbery,3545
132,2014,Curfew,65
133,2018,Armed Robbery,3154
134,2011,Curfew,57
135,2011,Suicide By Sleeping,2
136,2013,Embezzlement,406
137,2016,False ID,5
138,2011,Loitering,20
139,2016,Animal Cruelty,14
140,2017,Stealing Auto Parts/,4026
141,2017,Auto Theft Outside S,52
142,2012,property damage,3
143,2015,Arson,405
144,2017,Forcible Fondling,17
145,2010,Failure to Return,45
146,2010,burglary residence,2
147,2011,Fraud Confidence Gam,31
148,2011,Littering,2
149,2012,Pornography,14
150,2017,HOMICIDE/Non Neglige,252
151,2018,Stalking,52
152,2018,Peeping Tom,6
153,2010,Interference with Cu,96
154,2010,False Information to,213
155,2011,wire fraud,2
156,2012,Family Disturbance,7
157,2013,possession of drug e,3
158,2014,Sexual Assault with,2
159,2015,Impersonation - NOT,79
160,2016,kidnapping,2
161,2017,Arson with Fire Bomb,8
162,2012,Fraud Confidence Gam,2
163,2014,Peeping Tom,4
164,2014,Passing Bad Checks,17
165,2016,Possession/Sale/Dist,4714
166,2010,Sex Off Misconduct,87
167,2011,Prostitution/Patroni,273
168,2011,Hindering,2
169,2011,Family Disturbance,4
170,2016,HOMICIDE/Non Neglige,231
171,2011,Driving Under Influe,1440
172,2013,Non Aggravated Assau,6250
173,2013,Forcible Fondling,10
174,2015,Stealing from Buildi,4879
175,2015,STEALING,2
176,2018,Counterfeiting,141
177,2010,Family Disturbance,12
178,2011,Sexual Assault with,2
179,2015,Weapons Law Violatio,1501
180,2015,Welfare Fraud,2
181,2016,non agg assault,4
182,2018,Non Agg Assault Dome,9532
183,2010,Stealing Pickpocket,110
184,2011,Non Aggravated Assau,6474
185,2011,Stealing All Other,5561
186,2011,Possession of Drug E,1387
187,2015,Identity Theft,91
188,2015,Negligent Manslaught,2
189,2016,Stolen Property OFFE,483
190,2017,Possession of Drug E,1640
191,2017,Stolen Property OFFE,687
192,2017,robbery,3
193,2011,Impersonation - NOT,28
194,2015,Possession/Sale/Dist,4216
195,2016,Aggravated Assault (,6573
196,2016,Stealing Auto Parts/,4028
197,2017,Aggravated Assault (,7005
198,2018,Wire Fraud,228
199,2010,fraud,2
200,2013,stealing-bldg,2
201,2016,Arson,425
202,2018,Forcible Fondling,5
203,2012,Stalking,6
204,2010,Prostitution/Patroni,323
205,2012,Counterfeiting,77
206,2012,Stealing Bicycles,223
207,2012,Drunkenness,93
208,2013,Failure to Return,104
209,2013,Arson with Fire Bomb,29
210,2014,Rape,529
211,2015,Auto Theft Outside S,29
212,2012,Intimidation,1042
213,2013,Kidnapping/Abduction,118
214,2013,Stealing From Buildi,2
215,2015,Sex Offense -others,82
216,2018,misc violation,2
217,2010,Auto Theft,6865
218,2012,Prostitution/Patroni,287
219,2013,Promoting Prostituti,10
220,2015,Stealing From Auto,7456
221,2015,False Information to,222
222,2015,embezzlement,2
223,2016,Armed Robbery,4020
224,2013,Sex Off Indecent Exp,114
225,2014,intimidation,2
226,2015,1,1
227,2012,Non Aggravated Assau,7068
228,2013,Armed Robbery,3541
229,2013,Stealing from Auto,2
230,2014,Violation Full Order,614
231,2014,Aggravated Assault,4
232,2010,Loitering,48
233,2010,Tresspassing,2
234,2011,Kidnapping/Abduction,84
235,2015,Strong Arm Robbery,1892
236,2015,Stealig All Other,2
237,2017,Pornography,36
238,2018,Bribery,2
239,2010,Kidnapping/Abduction,117
240,2013,Bomb Threat/Intimida,51
241,2015,Stealing Coin Operat,26
242,2017,Stealing from uildi,3
243,2018,Suicide By Hanging,1
244,2012,Stealing Purse Snatc,159
245,2015,Violation Ex Parte O,376
246,2016,Forcible Sodomy,392
247,2018,Possesion,2
248,2010,embezzlement,2
249,2012,Resisting an Officer,1144
250,2012,fraud/confidence gam,2
251,2013,Stealing Auto Parts/,5948
252,2016,Hacking/Computer Inv,78
253,2011,Statutory Rape,82
254,2012,Steal bldg,2
255,2015,Intimidation,1361
256,2017,Trespassing,3412
257,2018,Weapons Law Violatio,913
258,2018,Sex Off Fondle - mol,404
259,2018,Sex Offense -others,125
260,2012,Possession of Drug E,1228
261,2012,stealing from auto,2
262,2013,4,4
263,2015,Family Offense,445
264,2017,Intimidation,1634
265,2018,Strong Arm Robbery,1896
266,2018,Sex Off Follow/Entic,33
267,2010,Impersonation - NOT,51
268,2012,Casualty (includes a,2
269,2010,Credit/Debit/ATM Car,969
270,2011,Forged Checks,468
271,2011,Non Agg Assault Dome,7210
272,2011,Missing/Runaway Juve,5
273,2017,Aggravated Assault,7
274,2015,Prostitution/Solicit,223
275,2016,Pornography,33
276,2017,property damage,4
277,2018,Kidnapping/Abduction,135
278,2010,Sex Off Indecent Con,99
279,2012,Misc Violation,6957
280,2012,Liquor Law Violaton,280
281,2014,Attempt Suicide by S,2
282,2015,RAPE,2
283,2016,Stealing From Auto,7697
284,2011,Sex Off Follow/Entic,19
285,2014,Walking in Street,1
286,2015,Bombing (other than,4
287,2016,Agg Assault Dome,4
288,2018,Stealing All Other,4661
289,2018,Dumping (littering),4
290,2010,Possession of Drug E,1633
291,2011,Stealing from Buildi,5534
292,2014,Harassment,2
293,2015,Loitering,9
294,2016,Trespassing,3511
295,2017,Family Offense,594
296,2010,Arson with Fire Bomb,15
297,2013,Burglary - Non Resid,2144
298,2014,Violation Ex Parte O,286
299,2016,Sex Off Indecent Exp,138
300,2017,Burglary - Residence,8336
301,2017,Interference with Cu,139
302,2012,Family Offense,443
303,2013,Bombing (other than,2
304,2013,Intoxicated/Street,2
305,2014,Failure to Return,116
306,2016,Auto Theft Outside S,26
307,2016,misc off,2
308,2018,Disorderly Conduct,1711
309,2011,Peeping Tom,8
310,2012,Statutory Rape,57
311,2017,Stalking,31
312,2018,Violation Full Order,732
313,2018,Curfew,8
314,2010,False ID,9
315,2011,Hit and Run of a Per,12
316,2012,Disorderly Conduct,1554
317,2013,Rape,546
318,2013,Sexual Assault with,2
319,2016,False Information to,226
320,2018,Agg Assault - Domest,2878
321,2011,Forcible Sodomy,364
322,2012,Violation Full Order,589
323,2013,Urinating in Public,2
324,2014,Sex Off Indecent Exp,123
325,2015,Sex Off Follow/Entic,13
326,2016,INTIMIDATE,2
327,2018,Failure to Return,66
328,2012,Auto Theft Outside S,23
329,2015,Promoting Prostituti,35
330,2016,Stealing Shoplifting,6118
331,2016,fraud,3
332,2017,Drunkenness,39
333,2010,Property Damage6,2
334,2011,Misc Violation,6809
335,2011,resisting officer,2
336,2014,Intimidation,1144
337,2018,Attempt Suicide by H,1
338,2010,stealing all other,1
339,2011,Stealing Shoplifting,5733
340,2012,Kidnapping/Abduction,103
341,2015,Driving Under Influe,959
342,2016,Impersonation - NOT,98
343,2017,Vagrancy,2
344,2018,`,1
345,2011,Non Agg Assault,2
346,2014,Sex Off Fondle - mol,292
347,2016,Kidnapping/Abduction,175
348,2012,Rape,563
349,2015,Failure to Return,149
350,2017,Prostitution/Patroni,142
351,2010,Possession/Sale/Dist,4713
352,2010,Sex Offense -others,81
353,2017,Failure to Return,52
354,2017,Disorderly Conduct,1538
355,2011,Forcible Fondling,4
356,2013,AUTO THEFT,4
357,2015,Bomb Threat/Intimida,75
358,2017,Identity Theft,1333
359,2017,Passing Bad Checks,13
360,2018,Liquor Law Violaton,119
361,2012,Curfew,91
362,2015,Burglary - Residence,9066
363,2015,False ID,21
364,2017,Forged Checks,445
365,2018,misc,1
366,2013,Forged Checks,454
367,2013,Wire Fraud,382
368,2014,Agg Assault Dome,4
369,2017,Loitering,31
370,2011,Weapons Law Violatio,720
371,2013,Dead Body,140
372,2014,Possession of Drug E,1859
373,2015,Stalking,11
374,2012,Auto Theft,7379
375,2013,Passing Bad Checks,10
376,2016,Stealing Purse Snatc,98
377,2017,Non Agg Assault Dome,8911
378,2018,non aggravated assau,2
379,2018,TRESPASS,2
380,2015,Hindering,2
381,2018,Credit/Debit/ATM Car,1091
382,2018,Sex Off Indecent Exp,122
383,2010,Forcible Fondling,16
384,2012,Stealing From Auto,9445
385,2012,Sex Offense -others,97
386,2014,],2
387,2017,Stealing Pickpocket,157
388,2018,Pornography,31
389,2010,WIRE FRAUD,2
390,2011,Passing Bad Checks,32
391,2010,Fraud/Confidence Gam,219
392,2011,Sex Off Indecent Exp,113
393,2015,Prostitution/Patroni,117
394,2011,Embezzlement,324
395,2011,Harrassment/threats,2
396,2014,property damage,2
397,2016,Driving Under Influe,960
398,2010,Stealing from Buildi,5282
399,2012,Sex Off Misconduct,150
400,2012,stolen auto,2
401,2013,Sex Off Follow/Entic,14
402,2015,PROPERTY DAM,1
403,2018,Stealing Auto Parts,2
404,2018,TRASH DUMPING,2
405,2011,Resisting an Officer,1240
406,2011,Auto Theft Outside S,21
407,2012,Non Agg Assault,2
408,2014,Family Offense,525
409,2014,Counterfeiting,137
410,2018,Animal Cruelty,10
411,2010,Stolen Property OFFE,327
412,2010,Property Damage,11559
413,2010,Promoting Prostituti,38
414,2013,Loitering,19
415,2014,Forcible Fondling,13
416,2016,Non Aggravated Assau,6476
417,2017,Burglary - Non Resid,2317
418,2017,fraud,3
419,2010,Misc. Viol,2
420,2011,Violation Ex Parte O,199
421,2012,Agg Assault - Drive-,499
422,2013,Statutory Rape,100
423,2014,Liquor Law Violaton,372
424,2014,AGG DV ASSAULT,3
425,2015,Agg Assault - Drive-,446
426,2015,misc juv,5
427,2016,Liquor Law Violaton,309
428,2010,Passing Bad Checks,58
429,2010,poss equip,2
430,2014,Trespassing,3183
431,2016,Forged Checks,327
432,2017,Weapons Law Violatio,1134
433,2018,Agg Assault - Drive-,579
434,2018,Aggravated Assault,3
435,2016,Possession of Drug E,2017
436,2010,Rape,516
437,2011,Credit/Debit/ATM Car,1125
438,2011,Bomb Threat/Intimida,58
439,2011,peace disturbance,2
440,2013,Stealing Shoplifting,5801
441,2013,Stealing Purse Snatc,117
442,2017,Violation Ex Parte O,453
443,2011,Extortion/Blackmail,4
444,2015,Possession of Drug E,1822
445,2015,Credit/Debit/ATM Car,959
446,2016,forgery,2
447,2016,Burg Res Occ,2
448,2017,Sex Off Incest,2
449,2011,Agg Assault - Drive-,538
450,2012,Sex Off Fondle - mol,284
451,2013,Misc Violation,6184
452,2014,Resisting an Officer,1685
453,2014,Sex Offense -others,117
454,2017,Promoting Prostituti,24
455,2017,1,2
456,2018,Forged Checks,304
457,2011,Strong Arm Robbery,1782
458,2013,Stealing All Other,5695
459,2013,stealing oth,2
460,2015,Drunkenness,85
461,2017,MISSING PERSON,1
462,2012,DISORDERLY CONDUCT,2
463,2014,Wire Fraud,453
464,2014,Sex Off Follow/Entic,14
465,2015,Liquor Law Violaton,298
466,2016,Stealing Coin Operat,42
467,2018,Intimidation,2089
468,2018,agg assault,3
469,2010,Stealing Coin Operat,69
470,2013,Counterfeiting,69
471,2013,Sex Off Incest,5
472,2014,Dead Body,96
473,2015,Non Aggravated Assau,6255
474,2017,Resisting an Officer,1848
475,2017,Statutory Rape,87
476,2018,Human Trafficking/Co,4
477,2015,Statutory Rape,99
478,2017,Forgery,405
479,2018,Withhold Property,4
480,2012,Burglary - Residence,12797
481,2014,Credit/Debit/ATM Car,914
482,2015,Stealing Bicycles,154
483,2018,Stealing Pickpocket,172
484,2011,Wire Fraud,376
485,2012,Property Damage,11013
486,2013,Auto Theft Outside S,27
487,2013,Impersonation - NOT,27
488,2014,Stealing All Other,5138
489,2017,Fraud/Confidence Gam,1699
490,2018,stealing,2
491,2011,c,2
492,2012,Driving Under Influe,1472
493,2015,Stealing Auto Parts/,4506
494,2015,Receiving Stolen Pro,1
495,2015,Pornography,47
496,2015,403,4
497,2010,Impersonation,1128
498,2010,Stealing ACC,3
499,2012,Stolen Property OFFE,272
500,2012,Arson with Fire Bomb,26
501,2013,Property Damage,9875
502,2014,Non Aggravated Assau,6139
503,2014,Fraud Confidence Gam,8
504,2014,Stalking,7
505,2015,Family Disturbance,5
506,2018,Statutory Rape,75
507,2018,forgery,2
508,2012,False Information to,153
509,2017,Sexual Assault with,4
510,2018,Extortion/Blackmail,36
511,2018,Impersonation - NOT,49
512,2010,Stealing Purse Snatc,199
513,2013,Family Disturbance,8
514,2015,Sex Off Fondle - mol,315
515,2017,Stealing From Auto,9400
516,2017,Hit and Run of a Per,14
517,2010,Pornography,32
518,2014,Prostitution/Patroni,243
519,2014,Sex Off Incest,3
520,2016,Failure to Return,71
521,2018,Identity Theft,1291
522,2014,Misc Investigation,1
523,2013,Stealing From Auto,7513
524,2017,broken window,2
525,2010,Burglary - Residence,13598
526,2010,Armed Robbery,4013
527,2013,Intimidation,1067
528,2015,Resisting an Officer,1380
529,2017,False Information to,301
530,2011,Sex Off Incest,2
531,2017,Stealing Coin Operat,36
532,2018,Misc Violation,4572
533,2018,False ID,9
534,2016,Violation Full Order,770
535,2010,Fraud Confidence Gam,33
536,2012,Non Agg Assault Dome,7887
537,2012,credit/debit/atm car,2
538,2014,Impersonation,1049
539,2014,fraud,3
540,2015,Stealing Pickpocket,134
541,2012,Obstruction,2
542,2014,Statutory Rape,70
543,2017,5,2
544,2018,Sexual Assault with,10
545,2010,Bomb Threat/Intimida,62
546,2018,Justifiable Homicide,8
547,2011,Agg Assault - Domest,1279
548,2014,Sex Off Indecent Con,45
549,2014,stealing from bldg,3
550,2015,resisting officer,2
551,2016,Burglary - Non Resid,1881
552,2016,Interference with Cu,104
553,2017,Stealing All Other,4713
554,2017,Sex Off Indecent Con,84
555,2011,Liquor Law Violaton,191
556,2011,Stealing Bicycles,160
557,2010,FRAUD,2
558,2012,Harassment,2
559,2014,Property Damage,10370
560,2014,Family Disturbance,13
561,2015,impersonation,2
562,2017,Property Damage,12091
563,2018,Bombing (other than,2
564,2010,\,2
565,2011,Fraud/Confidence Gam,740
566,2017,Sex Offense -others,115
567,2017,Stealing Acc,2
568,2010,Aggravated Assault (,4575
569,2010,ROBBERY ARMED,3
570,2012,Arson,557
571,2012,Sexual Assault with,5
572,2013,Possession/Sale/Dist,3943
573,2014,Drunkenness,114
574,2015,Auto Theft,8307
575,2015,prowling,4
576,2018,Resisting an Officer,2177
577,2014,Hit and Run of a Per,20
578,2015,Aggravated Assault (,5419
579,2015,Sex Off Misconduct,153
580,2016,Violation Ex Parte O,534
581,2012,Bomb Threat/Intimida,59
582,2012,Passing Bad Checks,85
583,2013,resisting an officer,3
584,2017,Welfare Fraud,4
585,2012,Armed Robbery,3510
586,2012,False ID,8
587,2014,Burglary - Non Resid,2000
588,2015,Kidnapping/Abduction,109
589,2018,Welfare Fraud,2
590,2011,Sex Off Fondle - mol,235
591,2013,Hit and Run of a Per,12
592,2013,Casualty (includes a,2
593,2017,Embezzlement,542
594,2011,Stolen Property OFFE,322
595,2013,stealing all other,2
596,2015,Impersonation,2091
597,2010,Stalking,6
598,2011,Sex Off Misconduct,82
599,2018,Stealing Shoplifting,6086
600,2011,Burglary - Non Resid,2234
601,2014,AUTO THEFT,2
602,2010,Sexual Assault with,2
603,2014,Bombing (other than,2
604,2015,fraud,2
605,2017,Hacking/Computer Inv,42
606,2013,DUI,2
607,2014,misc investigation,5
608,2015,Trespassing,3124
609,2010,Wire Fraud,169
610,2012,Forged Checks,397
611,2013,Weapons Law Violatio,657
612,2015,Property Damage,10392
613,2015,Missing/Runaway Juve,10
614,2016,Curfew,52
615,2017,Justifiable Homicide,16
616,2018,Arson with Fire Bomb,4
617,2012,Trespassing,2638
618,2014,Armed Robbery,3180
619,2018,Sex Off Misconduct,149
620,2018,property damage,2
621,2011,Arson,605
622,2011,False ID,4
623,2014,Weapons Law Violatio,755
624,2017,Violation Full Order,754
625,2018,Loitering,15
626,2011,Stealing Auto Parts/,7128
627,2015,Stealing All Other,4604
628,2015,Stolen Property OFFE,408
629,2016,Sex Off Indecent Con,89
630,2017,s,2
631,2018,Agg Assault,8
632,2010,Steal from Auto,2
633,2012,Impersonation,994
634,2013,Possession of Drug E,1660
635,2014,Non Agg Assault Dome,8455
636,2015,Forcible Fondling,42
637,2011,Aggravated Assault (,4581
638,2011,armed robbery,4
639,2016,Embezzlement,469
640,2011,False Information to,196
641,2012,Possession/Sale/Dist,3347
642,2015,Burglary - Non Resid,1978
643,2016,Agg Assault - Domest,2761
644,2016,Idenity Theft,2
645,2017,Non Aggravated Assau,6474
646,2017,False ID,16
647,2014,Stealing Coin Operat,33
648,2011,Burglary - Residence,12218
649,2013,Stealing from Buildi,5745
650,2013,Interference with Cu,68
651,2014,Stealing Bicycles,149
652,2015,Forgery,547
653,2015,HOMICIDE/Non Neglige,177
654,2010,Auto Theft Outside S,20
655,2013,Agg Assault - Domest,1602
656,2014,Arson,452
657,2016,NON AGG ASSAULT DV,2
658,2016,STEAL TFA,2
659,2017,Extortion/Blackmail,18
660,2018,Dead Body,68
661,2018,Interference with Cu,189
662,2015,Sex Off Indecent Con,67
663,2012,Strong Arm Robbery,1845
664,2013,stealing acc,2
665,2015,Rape,512
666,2017,Dead Body,75
667,2011,Counterfeiting,67
668,2012,Sex Off Follow/Entic,19
669,2013,Burglary - Resid,3
670,2013,fraud,4
671,2016,Promoting Prostituti,54
672,2013,Forcible Sodomy,310
673,2015,Sex Off Indecent Exp,106
674,2015,Fraud,2
675,2018,Gambling - Possessio,2
676,2011,Trespassing,3272
677,2014,PROPERY DAMAGE,2
678,2015,Disorderly Conduct,1511
679,2010,Curfew,85
680,2011,Casualty (includes a,1
681,2013,Peeping Tom,2
682,2017,Strong Arm Robbery,2001
683,2018,Burglary - Non Resid,2334
684,2010,Trespassing,3075
685,2012,Interference with Cu,33
686,2014,Bomb Threat/Intimida,86
687,2017,Misc Violation,4293
688,2018,Promoting Prostituti,16
689,2010,forgery,2
690,2011,Failure to Return,46
691,2014,Stealing Pickpocket,156
692,2014,Stolen Property OFFE,284
693,2017,Sex Off Misconduct,149
694,2011,IDTheft,2
695,2014,Promoting Prostituti,17
696,2010,Sex Off Follow/Entic,10
697,2014,interuption of servi,3
698,2018,Stolen Property OFFE,911
699,2010,Sex Off Indecent Exp,142
700,2015,Gambling - Operating,3
701,2017,Armed Robbery,4256
702,2017,Liquor Law Violaton,321
703,2018,Property Damage,11075
704,2018,Prostitution/Solicit,205
705,2011,Stalking,5
706,2013,Stealing Bicycles,261
707,2016,Peeping Tom,9
708,2016,Loitering,48
709,2016,agg dv assault,2
710,2017,Peeping Tom,3
711,2011,Sex Off Indecent Con,89
712,2014,Suicide By Shooting,1
713,2015,Agg Assault - Domest,2373
714,2015,Interference with Cu,83
715,2016,Strong Arm Robbery,2098
716,2012,misc violation,4
717,2013,Arson,431
718,2013,Violation Full Order,511
719,2014,Agg Assault - Domest,1792
720,2017,Casualty (includes a,1
721,2010,Violation Full Order,562
722,2011,Drunkenness,99
723,2012,Stealing Pickpocket,188
724,2013,misc violation,4
725,2018,Rape,600
726,2012,Credit/Debit/ATM Car,987
727,2012,Sex Off Indecent Exp,85
728,2012,Burglary - Non Resid,2660
729,2016,Property Damage,11032
730,2010,Weapons Law Violatio,805
731,2013,Driving Under Influe,955
732,2013,Curfew,58
733,2016,Extortion/Blackmail,19
734,2017,Arson,473
735,2017,Stealing Shoplifting,5891
736,2011,Violation Full Order,516
737,2014,Forcible Sodomy,387
738,2018,Bomb Threat/Intimida,123
739,2012,Failure to Return,75
740,2014,Auto Theft,8169
741,2015,STEALING ACC,2
742,2017,Prostitution/Solicit,175
743,2017,Human Trafficking/Co,6
744,2018,Forgery,470
745,2010,Forgery,628
746,2010,Stealing other,2
747,2012,Weapons Law Violatio,621
748,2013,Resisting an Officer,1616
749,2015,Curfew,47
750,2016,Misc Violation,5726
751,2016,Agg Assault - Drive-,697
752,2018,black mail,2
753,2012,Stealing Shoplifting,6219
754,2013,Auto Theft,8584
755,2013,stealing,2
756,2015,Forged Checks,367
757,2013,Strong Arm Robbery,1842
758,2014,Stealing Auto Parts/,4954
759,2016,Bomb Threat/Intimida,97
760,2018,URINATE IN PUBLIC,2
761,2010,Welfare Fraud,2
762,2012,Welfare Fraud,2
763,2013,forgery,2
764,2012,Stealing Coin Operat,100
765,2015,Stealing Shoplifting,5629
766,2016,Suicide - Domestic V,2
767,2018,Burglary - Residence,6102
768,2018,Drunkenness,36
769,2018,AGG ASSAULT,2
770,2010,Stealing All Other,4843
771,2010,Counterfeiting,76
772,2014,Forgery,738
773,2018,Sex Off Incest,2
774,2010,Suicide By Hanging,1
775,2011,Stealing Pickpocket,140
776,2016,Rape,560
777,2017,Rape,674
778,2010,Stealing From Auto,10205
779,2010,Steal TFA,2
780,2011,4,2
781,2015,Forcible Sodomy,388
782,2015,Passing Bad Checks,13
783,2016,Counterfeiting,290
784,2018,Embezzlement,519
785,2010,non agg,2
786,2010,Gambling - Possessio,2
787,2018,Passing Bad Checks,18
788,2017,Curfew,51
789,2014,Arson with Fire Bomb,17
790,2016,Wire Fraud,301
791,2010,Stealing Auto Parts/,10653
792,2011,Possession/Sale/Dist,3793
793,2012,Forcible Sodomy,425
794,2012,HOMICIDE/Non Neglige,127
795,2012,Sex Off Incest,3
796,2013,offensive contact,2
797,2014,Animal Bite - Dog,2
798,2015,burglary,2
799,2010,Intimidation,1464
800,2010,Embezzlement,344
801,2014,Interference with Cu,95
802,2012,Peeping Tom,3
803,2017,Driving Under Influe,932
804,2011,Intimidation,1118
805,2012,Agg Assault - Domest,1400
806,2013,Misc Viol,2
807,2014,aggravated assault,2
808,2017,Wire Fraud,373
809,2010,Non Aggravated Assau,6735
810,2013,Liquor Law Violaton,309
811,2014,Burglary - Residence,10372
812,2015,Misc Violation,5817
813,2018,Fraud/Confidence Gam,1461
814,2011,Property Damage,10854
815,2011,Stealing Coin Operat,77
816,2011,Defrauding an Innkee,2
817,2012,Extortion/Blackmail,2
818,2017,Attempt Suicide by P,1
819,2010,Stealing Shoplifting,5018
820,2018,Arson,488
821,2018,Violation Ex Parte O,374
822,2016,trespassing,2
823,2013,Sex Offense -others,125
824,2014,Extortion/Blackmail,2
825,2011,stealing all other,6
826,2015,Stealing Purse Snatc,92
827,2016,Non Agg Assault Dome,8977
828,2017,Stealing Bicycles,158
829,2018,Casualty (includes a,5
830,2010,Aggravated Assault,9
831,2011,Stealing From Auto,9369
832,2014,counterfieting,5
833,2013,Aggravated Assault (,4558
834,2013,Pornography,29
835,2016,Passing Bad Checks,24
836,2018,Driving Under Influe,972
837,2010,Drunkenness,146
838,2012,Violation Ex Parte O,256
839,2013,Credit/Debit/ATM Car,928
840,2014,Resisting an officer,2
841,2018,Suicide By Jumping,1
842,2012,Stealing Auto Parts/,5991
843,2014,Fraud/Confidence Gam,1234
844,2016,Fraud/Confidence Gam,1598
845,2017,Sex Off Fondle - mol,410
846,2018,Trespassing,3601
847,2010,Liquor Law Violaton,182
848,2010,Extortion/Blackmail,2
849,2012,Aggravated Assault (,4969
850,2012,ENDANGER THE WELFARE,5
851,2013,Stolen Property OFFE,267
852,2013,Sex Off Misconduct,105
853,2014,Aggravated Assault (,4772
854,2014,Driving Under Influe,1021
855,2014,Kidnapping/Abduction,77
856,2015,Casualty (includes a,1
857,2015,possession of drug e,2
858,2016,Stealing All Other,4272
859,2016,Hit and Run of a Per,18
860,2018,Hit and Run of a Per,10
861,2018,Stealing Purse Snatc,79
862,2012,sexual assault,2
863,2015,Armed Robbery,3691
864,2015,resist,2
865,2013,Extortion/Blackmail,5
866,2014,Strong Arm Robbery,1845
867,2016,Stalking,22
868,2016,Arson with Fire Bomb,4
869,2017,Forcible Sodomy,376
870,2013,Sex Off Indecent Con,76
871,2015,Extortion/Blackmail,4
872,2016,Family Offense,604
873,2018,Forcible Sodomy,433
874,2010,Misc Violation,7138
875,2010,Resisting an Officer,1382
876,2010,Suicide - Domestic V,3
877,2011,Disorderly Conduct,1474
878,2011,fraud,2
879,2014,Pornography,28
880,2016,Disorderly Conduct,1536
881,2016,Prostitution/Solicit,185
882,2017,strong armed robbery,2
883,2018,False Information to,294
884,2012,Forcible Fondling,16
885,2014,Embezzlement,403
886,2016,Prostitution/Patroni,231
887,2017,Counterfeiting,311
888,2017,Animal Cruelty,4
889,2010,Agg Assault - Drive-,566
890,2011,Negligent Manslaught,2
891,2012,Embezzlement,340
892,2012,Hit and Run of a Per,10
893,2013,Disorderly Conduct,1653
894,2016,Drunkenness,63
895,2018,Misc Offense,2
896,2010,Hit and Run of a Per,17
897,2012,c,2
898,2013,Welfare Fraud,2
899,2015,Fraud/Confidence Gam,1336
900,2011,Arson with Fire Bomb,20
901,2014,Disorderly Conduct,1833
902,2016,Forgery,445
903,2014,Misc Violation,5869
904,2018,Aggravated Assault (,6689
905,2010,Family Offense,516
906,2012,Promoting Prostituti,44
907,2014,Forged Checks,425
908,2015,Agg Assault,2
909,2015,Auto Theft7,2
910,2016,Missing/Runaway Juve,20
911,2017,Credit/Debit/ATM Car,1152
912,2014,Stealing From Auto,7528
913,2014,False Information to,205
914,2015,Dead Body,100
915,2010,Non Agg Assault Dome,7341
916,2012,Forgery,584
917,2012,Fraud/Confidence Gam,1214
918,2012,Impersonation - NOT,32
919,2015,Non Agg Assault Dome,9020
920,2015,Fraud Confidence Gam,10
921,2016,Burglary - Residence,9336
922,2010,Stealing from Bldg,2
923,2011,Stealing Purse Snatc,176
924,2012,Stealing from Buildi,6095
925,2012,Dead Body,171
926,2013,Prostitution/Patroni,206
927,2013,HOMICIDE/Non Neglige,97
928,2018,Stealing From Auto,10276
929,2010,misc violation,3
930,2011,Pornography,29
931,2012,Wire Fraud,565
932,2012,Attempt Suicide by H,1
933,2014,Stealing Shoplifting,5468
934,2015,Counterfeiting,114
935,2018,Prostitution/Patroni,128
936,2010,Fraud,487
937,2010,Peeping Tom,2
938,2011,Auto Theft,7027
939,2012,Felony Eluding,1
940,2017,Sex Off Indecent Exp,131
941,2017,Stealing Purse Snatc,99
942,2010,Sex Off Fondle - mol,275
943,2012,child endangerment,6
944,2017,Stealing from Buildi,5012
945,2018,Stealing Coin Operat,34
946,2010,Driving Under Influe,472
947,2013,Fraud/Confidence Gam,1143
948,2018,Hacking/Computer Inv,36
949,2010,Dead Body,231
950,2013,Forgery,609
951,2013,False ID,12
952,2014,Agg Assault - Drive-,441
953,2014,Stealing Purse Snatc,106
954,2017,Family Disturbance,5
